#,"Domain Rating","URL Rating (desc)","Referring Domains","Referring Page URL","Referring Page Title","Internal Links Count","External Links Count","Link URL",TextPre,"Link Anchor",TextPost,Type,"HTTP Code","DP check","RP check",Traffic,Keywords,"Linked Domains"
1,73,26,35,https://www.thezebra.com/insurance-news/848/uber-vs-lyft/,"Uber vs. Lyft: Which is Better for Riders and Drivers?",86,78,https://www.policygenius.com/blog/wp-content/uploads/2014/10/uber_insurance_coverage_infographic_blog_7.22.png/,,https://www.policygenius.com/blog/wp-content/uploads/2014/10/uber_insurance_coverage_infographic_blog_7.22.png,,Nofollow,404,"2020-04-14 06:02:30","2020-04-19 14:19:45",25,917,44
2,91,21,11,https://www.wikihow.com/Cancel-Life-Insurance,"How to Cancel Life Insurance: 13 Steps (with Pictures) - wikiHow",45,23,https://www.policygenius.com/life-insurance/guide/application-process,,https://www.policygenius.com/life-insurance/guide/application-process,,Nofollow,404,"2020-04-15 23:09:50","2019-04-28 18:40:38",66,124,14
3,75,19,28,https://www.betterment.com/resources/3-important-types-of-insurance-when-preparing-for-retirement/,"3 Important Types of Insurance to Have When Preparing for Retirement | Betterment",41,25,https://www.policygenius.com/life-insurance/guide/permanent-life-versus-term-life-insurance,"yet more expensive to obtain. Even if you have a","term or whole life insurance policy","that’s carrying through to old age, chances are you’ll no","Dofollow, Content",404,"2020-04-15 03:26:07","2020-04-20 13:11:06",0.05,1,14
4,70,16,6,https://says.com/my/lifestyle/the-ultimate-guide-to-a-monthly-budget-and-how-to-stick-to-it,"The Ultimate Guide To A Monthly Budget And How To Stick To It (Point #3 Is The Hardest)",31,15,https://www.policygenius.com/blog/dave-ramsey-term-life-insurance-whole-life-insurance/,"Image via","Policy Genius",,Dofollow,404,"2020-04-03 13:38:07","2020-04-15 20:37:47",1.3,1,12
5,4,15,9,http://please-dont-ask-me-i-dont-remember.blogspot.com/,please-dont-ask-me-i-dont-remember,22,64,https://www.policygenius.com/insurance-advice/choose-individual-health-insurance-plan/,"looking to take the next step we've put together a","handy checklist","detailing how to go about shopping on the exchanges.",Dofollow,404,"2020-03-23 12:22:18","2020-04-18 11:38:05",0,0,20
6,4,15,9,http://please-dont-ask-me-i-dont-remember.blogspot.com/,please-dont-ask-me-i-dont-remember,22,64,https://www.policygenius.com/insurance-advice/shopping-the-aca-health-insurance-exchanges/,"actual shopping experience is like, we published a detailed account",titled,", "" What no one tells you about shopping the",Dofollow,404,"2020-04-14 21:08:59","2020-04-18 11:38:05",0,0,20
7,93,14,,http://forum.addthis.com/blog/2014/03/31/show-your-pro-contest-winners/,"""Show Your Pro"" Contest Winners | AddThis Blog",52,23,https://www.policygenius.com/insurance-advice/,,PolicyGenuis.com,,Dofollow,404,"2020-03-25 01:52:12","2017-01-12 21:36:52",,,15
8,92,14,1,http://www.msn.com/en-us/travel/tripideas/overrated-spring-break-destinations-and-where-to-go-instead/ss-BBUCsJm,"Overrated spring break destinations & where to go instead",0,2,https://www.policygenius.com/blog/6-under-the-radar-spring-break-trips-for-your-family/,,,,"Dofollow, Canonical",404,"2020-04-04 02:49:01","2019-04-14 07:46:03",0,0,1
9,90,13,0,https://directory.libsyn.com/episode/index/show/themoneytwins/id/6545705,"Libsyn Directory",35,9,https://www.policygenius.com/ruttenberg,"parent really is saving the family. Get a free quote online at",Policygenius,". It's fast and easy and will give you an","Dofollow, Content",404,"2020-04-19 13:27:33","2019-09-15 15:53:49",0,0,6
10,90,13,0,https://directory.libsyn.com/episode/index/show/themoneytwins/id/6625794,"Libsyn Directory",21,6,https://www.policygenius.com/ruttenberg,"answer the questions; “When is it worth while to buy","life insurance","?”, and “Why is it hard for me to be","Dofollow, Content",404,"2020-04-19 13:27:33","2019-05-28 12:02:34",0,0,5
11,85,12,0,"https://www.diigo.com/tag/life quote","life, quote | Diigo",86,8,https://www.policygenius.com/life-insurance/mlp-1-pgbtn/,,"Life Insurance Quotes - Compare & Get Best Rates | Policygenius",,Dofollow,404,"2020-03-27 06:28:30","2019-02-25 11:18:03",0,0,6
12,85,12,0,"https://www.diigo.com/tag/life quote quotes","life, quote, quotes | Diigo",83,7,https://www.policygenius.com/life-insurance/mlp-1-pgbtn/,,"Life Insurance Quotes - Compare & Get Best Rates | Policygenius",,Dofollow,404,"2020-03-27 06:28:30","2019-06-01 04:52:19",0,0,6
13,82,12,0,https://gfycat.com/pastlivelyharvestmen,"Girls Parents Gif Save Money GIF | Gfycat",62,2,https://www.policygenius.com/blog/library/uploads/2015/09/girls_gif.gif/,,policygenius.com,,Nofollow,404,"2020-03-29 13:20:08","2019-11-26 02:19:14",0,0,1
14,82,12,0,https://gfycat.com/unsteadyneighboringfritillarybutterfly,"A Cold Isn’t Fun For Anyone, But If You’re Having Your Drug Test You Might Need ... | Gfycat",67,2,https://www.policygenius.com/blog/library/uploads/2016/05/cold-medicine.gif/,,policygenius.com,,"Nofollow, Content",404,"2020-04-19 11:11:32","2019-10-30 18:59:35",0,0,1
15,69,11,1,https://www.chime.com/blog/9-financial-empowerment-tips-for-the-newly-single/?src=cb,"9 Financial Empowerment Tips for the Newly Single - Banking Made Awesome",21,17,https://www.policygenius.com/life-insurance/the-single-parent's-guide-to-life-insurance/,"on your own. Taking ownership of your finances as a","newly single person","can be especially challenging.","Dofollow, Content",404,"2020-03-20 09:23:55","2020-04-09 01:32:13",0,0,8
16,74,11,0,https://forum.mrmoneymustache.com/investor-alley/investment-managers-might-legally-have-to-give-good-advice!/,"Investment Managers might legally have to give good advice?!",29,11,https://www.policygenius.com/blog/dave-ramsey-the-fiduciary-rule-and-you/,Source:,https://www.policygenius.com/blog/dave-ramsey-the-fiduciary-rule-and-you/,,Dofollow,404,"2020-03-19 23:11:15","2019-12-10 07:12:37",0,0,8
17,53,11,1,https://bobsullivan.net/gotchas/hate-paying-for-bad-money-advice-this-new-rule-should-make-you-happy/,"Hate paying for bad money advice? This new rule should make you happy — bobsullivan.net",21,18,https://www.policygenius.com/blog/dave-ramsey-the-fiduciary-rule-and-you/,"of a noisy bit of “Obama is hurting America” misdirection","from folks like Dave Ramsey","(who suggested the rule might force financial gurus off the","Dofollow, Content",404,"2020-03-19 23:11:15","2020-04-16 15:00:20",0,0,14
18,61,11,1,https://www.advisoryhq.com/articles/the-best-pet-insurance/,"The Best Pet Insurance | 2017 Ranking | Top 6 Sites to Compare Pet Insurance Quotes (Comparison Reviews) – AdvisoryHQ",148,21,https://www.policygenius.com/pet-insurance/checkup,"to compare pet insurance also allows you to complete an","insurance checkup",", where you can receive advice and assistance from their","Dofollow, Content",404,"2020-04-18 12:56:33","2020-04-01 04:15:09",0,0,12
19,70,10,0,http://jennyezra.says.com/my/lifestyle/the-ultimate-guide-to-a-monthly-budget-and-how-to-stick-to-it,"The Ultimate Guide To A Monthly Budget And How To Stick To It (Point #3 Is The Hardest)",44,13,https://www.policygenius.com/blog/dave-ramsey-term-life-insurance-whole-life-insurance/,"Image via","Policy Genius",,Dofollow,404,"2020-04-03 13:38:07","2019-11-08 12:54:05",0,0,11
20,70,10,0,http://simon.says.com/my/lifestyle/the-ultimate-guide-to-a-monthly-budget-and-how-to-stick-to-it,"The Ultimate Guide To A Monthly Budget And How To Stick To It (Point #3 Is The Hardest)",44,13,https://www.policygenius.com/blog/dave-ramsey-term-life-insurance-whole-life-insurance/,"Image via","Policy Genius",,Dofollow,404,"2020-04-03 13:38:07","2019-11-08 12:10:31",0,0,11
21,70,10,0,http://kathyloke.says.com/my/lifestyle/the-ultimate-guide-to-a-monthly-budget-and-how-to-stick-to-it,"The Ultimate Guide To A Monthly Budget And How To Stick To It (Point #3 Is The Hardest)",44,13,https://www.policygenius.com/blog/dave-ramsey-term-life-insurance-whole-life-insurance/,"Image via","Policy Genius",,Dofollow,404,"2020-04-03 13:38:07","2019-11-13 17:56:24",0,0,11
22,50,10,0,https://www.sitelinks.info/visit.policygenius.com/,"Visit.policygenius.com | 3.216.251.45, Similar Webs, BackLinks Results",32,18,https://visit.policygenius.com/,Visit.policygenius.com,,,Nofollow,404,"2020-04-17 22:38:16","2020-04-13 14:05:13",0,0,10
23,62,10,0,"http://citybests.com/listing.php?q=increasing premium term life insurance","Search results for increasing premium term life insurance -",12,8,https://www.policygenius.com/life-insurance/define/increasing-term-life-insurance,,"Definition of increasing term life insurance - Policygenius",,Dofollow,404,"2020-03-21 03:09:44","2020-03-13 09:16:18",0,0,5
24,61,10,0,https://www.advisoryhq.com/articles/best-dental-insurance/,"Top 6 Sites to Compare Best Dental Insurance Quotes & Plans | 2017 Ranking & Comparison Review – AdvisoryHQ",147,65,https://www.policygenius.com/health-insurance/special_enrollment_reason/,"search for dental insurance quotes in 28411 (North Carolina) reveals","14 total plans from 1 carrier",". Users can then establish their health priorities and compare","Dofollow, Content",404,"2020-04-10 23:57:55","2020-04-11 21:45:18",0.01,5,23
25,54,9,0,http://www.diariosoficiais.com/index.php/paper/18077/,"Help with dissertation uk. Where to buy best custom essay papers popular dissertation writers websites online Why is Community Service important to me? | Teen - Teen",32,118,https://www.policygenius.com/blog/library/uploads/2015/12/willing_join.png/,"popular dissertation hypothesis writer website online",.,,"Dofollow, Content",404,"2020-04-07 14:52:01","2020-03-24 02:20:53",0,0,62
26,54,9,0,http://www.diariosoficiais.com/index.php/home-work/11743/,"Writing Services Provide You With Help On Personal Essay popular music dissertations Center for Career and Professional Development (CCPD) for",32,122,https://www.policygenius.com/blog/library/uploads/2015/12/willing_join.png/,"Dissertation versailles dravit si",.,,"Dofollow, Content",404,"2020-04-07 14:52:01","2020-03-18 01:48:19",0,0,67
27,22,9,1,http://alexatop1m.kritih.com/List-20.html,"best websites, top websites, website ranking, top 10 websites, top sites",204,9312,https://www.policygenius.com/default.htm,,policygenius.com,,Nofollow,404,"2020-04-03 00:01:22","2020-04-17 07:53:43",0.03,7,5206
28,22,9,2,https://alexatop1m.kritih.com/List-20.html,"best websites, top websites, website ranking, top 10 websites, top sites",204,9291,https://www.policygenius.com/default.htm,,policygenius.com,,Nofollow,404,"2020-04-03 00:01:22","2020-04-11 18:34:49",0,0,5202
29,55,9,0,https://0-www-addthis-com.librarycatalog.vts.edu/blog/2014/03/31/show-your-pro-contest-winners/,"""Show Your Pro"" Contest Winners - AddThis",62,18,https://www.policygenius.com/insurance-advice/,,PolicyGenuis.com,,Dofollow,404,"2020-03-25 01:52:12","2020-03-25 22:25:32",0,0,12
30,54,9,0,http://www.diariosoficiais.com/index.php/custom/16733/,"Assignment help site. Buy Good Custom Essay Writing Service Online. dissertation writing website online Pro Tip: How to add a white paper type (Papers2) - Papersapp Support",32,112,https://www.policygenius.com/blog/library/uploads/2015/12/willing_join.png/,"online yale dailynewsreport web fc com Home FC Ask Yale",.,,"Dofollow, Content",404,"2020-04-07 14:52:01","2020-04-05 20:57:14",0,0,60
31,54,9,0,http://www.diariosoficiais.com/index.php/sale/5487/,"Write My Personal Essay For Me | Stokehouse City dissertation introduction writer service HOMEWORK HELP - Cook Memorial Public Library",32,124,https://www.policygenius.com/blog/library/uploads/2015/12/willing_join.png/,"Pay for dissertation phd Essay custom uk dissertation writing services",.,,"Dofollow, Content",404,"2020-04-07 14:52:01","2020-04-03 08:47:16",0,0,62
32,54,9,0,http://www.diariosoficiais.com/index.php/resume/10530/,"8 Great Articles and Essays about Spelling, Punctuation and Grammar popular dissertation introduction writing website gb Banking on Change: Democratising Finance in South Africa 1994-2004",32,123,https://www.policygenius.com/blog/library/uploads/2015/12/willing_join.png/,"Al Nashat Carpets Raanan Estetik",.,,"Dofollow, Content",404,"2020-04-07 14:52:01","2020-04-18 17:46:14",0,0,71
33,54,9,0,https://wegolook.com/blog/article/insurance-is-ready-for-disruption,"Insurance is Ready for Disruption | WeGoLook Blog",45,20,"https://www.policygenius.com/ /t _blank","perfect soil in which to birth aggregator sites such as",PolicyGenius,.,"Dofollow, Content",404,"2020-04-16 06:06:41","2020-03-27 11:08:35",0,0,15
34,54,9,0,https://craft.co/policygenius,"PolicyGenius Company Profile - Office Locations, Competitors, Revenue, Financials, Employees, Key People, Subsidiaries | Craft.co",39,33,https://www.policygenius.com/blog/quibi-is-joining-a-crowded-streaming-market-heres-how-to-cut-through-the-noise-in-the-midst-of-a-pandemic/,,"Looking for something new to stream on your couch? Quibi is joining the market",,Nofollow,404,"2020-03-28 19:36:32","2020-03-28 00:31:13",0.31,8,14
35,49,9,0,https://uberpeople.net/threads/i-have-geico-commercial-insurance-on-the-phone.30998/,"I have geico commercial insurance on the phone?? | Uber Drivers Forum",238,15,https://www.policygenius.com/blog/library/uploads/2014/10/uber_insurance_coverage_infographic_blog_7.22.png/,,https://www.policygenius.com/blog/l..._insurance_coverage_infographic_blog_7.22.png,,Nofollow,404,"2020-03-22 10:00:11","2020-04-05 12:50:00",0,0,7
36,47,9,0,http://m.visitmadison.org/site/v/default?url=http://www.wikihow.com/Cancel-Life-Insurance,"How to Cancel Life Insurance: 13 Steps (with Pictures) - wikiHow",69,31,https://www.policygenius.com/life-insurance/guide/application-process,,https://www.policygenius.com/life-insurance/guide/application-process,,Nofollow,404,"2020-04-15 23:09:50","2020-03-05 10:24:24",0,0,16
37,27,9,0,https://www.howtomoney.com/how-to-choose-life-insurance-that-is-cheap-and-easy-to-buy/,"How to Choose Life Insurance that is Cheap and Easy to Buy - How to Money",44,21,https://www.policygenius.com/howtomoney-disability/,"quotes for other important insurance needs like the often overlooked","disability insurance",.,"Dofollow, Content",404,"2020-04-18 23:06:57","2020-04-17 15:26:30",2.5,59,12
38,39,9,0,https://www.enemyofdebt.com/term-life-insurance-101-its-not-as-difficult-as-you-think/,"Term Life Insurance 101: It's Not as Difficult as You Think : Enemy of Debt",25,40,https://www.policygenius.com/life-insurance/define/increasing-term-life-insurance/,"If you purchase this type of policy, your","death benefit will increase","each year. This also means the monthly premiums will increase","Dofollow, Content",404,"2020-03-24 06:40:21","2020-04-14 01:52:30",0,0,33
39,10,8,1,https://lifeandhealth.expert/state-state-guide-medicaid-qualify,"A State-by-State Guide to Medicaid: Do I Qualify?",57,139,https://www.policygenius.com/blog/a-state-by-state-guide-to-medicaid/mahealthconnector.org/,"How to apply: You can apply online at",MAhealthconnector.org,.,"Dofollow, Content",404,"2020-03-28 06:03:23","2020-02-18 10:43:00",0,1,79
40,10,8,1,https://lifeandhealth.expert/state-state-guide-medicaid-qualify,"A State-by-State Guide to Medicaid: Do I Qualify?",57,139,https://www.policygenius.com/blog/a-state-by-state-guide-to-medicaid/yourtexasbenefits.com/,"How to apply: Texas residents can apply online on the",YourTexasBenefits,"website. You can also print out an application on that","Dofollow, Content",404,"2020-04-14 06:13:35","2020-02-18 10:43:00",0,1,79
41,28,8,0,"http://mx03.wwdas.com/searchblock.php?q=increasing premium term life insurance","Search results for increasing premium term life insurance - LocalToUs",13,8,https://www.policygenius.com/life-insurance/define/increasing-term-life-insurance,,"Definition of increasing term life insurance - Policygenius",,Dofollow,404,"2020-03-21 03:09:44","2020-04-16 23:35:13",0,0,5
42,28,8,0,"http://mx03.wwdas.com/searchblock.php?q=increasing term policy","Search results for increasing term policy - LocalToUs",13,7,https://www.policygenius.com/life-insurance/define/increasing-term-life-insurance,,"Definition of increasing term life insurance - Policygenius",,Dofollow,404,"2020-03-21 03:09:44","2020-04-05 22:44:29",0,0,6
43,20,8,0,https://domainlinks.info/visit.policygenius.com/,"visit.policygenius.com | 18.139.47.197 DNS domain, Similar Websites, Website link, Websites Same Server",78,8,http://visit.policygenius.com/,visit.policygenius.com,,,Nofollow,404,"2020-03-28 13:16:27","2020-04-10 07:24:36",0,0,5
44,28,8,0,https://repositioner.com/differentiate-or-die/,"Differentiate or Die – Marketing Strategy for B2B Companies",18,13,https://www.policygenius.com/life-insurance/mlp-1-pgbtn/,"it all and be all to everyone with a pulse.",Policygenius,"is going to mow you over, people! You can compare","Dofollow, Content",404,"2020-03-27 06:28:30","2020-04-14 22:33:44",0,0,9
45,10,8,0,https://travelbaseonline.com/travel/overrated-spring-break-destinations-where-to-go-instead/,"Overrated spring break destinations & where to go instead | Travel Base Online",53,5,https://www.policygenius.com/blog/6-under-the-radar-spring-break-trips-for-your-family/,Source:,"Read Full Article",,"Dofollow, Content",404,"2020-04-04 02:49:01","2020-03-12 09:04:09",0,0,3
46,0,7,3,http://esraseferinoglu.blogspot.com/,"Talk To Me In English",17,66,https://www.policygenius.com/blog/library/uploads/2014/07/storytelling-magicfrits-ahlefeldt-laurvig.jpg/,,,,"Dofollow, Image",404,"2020-03-27 01:21:54","2020-04-16 13:48:48",0,0,22
47,10,7,0,http://www.agroprojekt.hu/index.php/order/3662/,"resume up the present moment",104,60,https://www.policygenius.com/blog/library/uploads/2014/11/ruby-resume-featimg.png/,,"Marketing analyst resume Marketing analyst resume",,"Dofollow, Image",404,"2020-04-16 08:59:42","2020-04-02 10:42:15",0,0,26
48,13,7,0,https://millennialshow.com/episode-5x06-speed-finds-a-way/,"Episode #5x06: Speed Finds A Way",16,16,"https://www.policygenius.com/),",,"https://www.policygenius.com/),",,Dofollow,404,"2020-03-24 01:26:28","2020-04-03 05:58:44",0,0,8
49,4,7,0,http://please-dont-ask-me-i-dont-remember.blogspot.com/2014/,"please-dont-ask-me-i-dont-remember: 2014",35,356,https://www.policygenius.com/insurance-advice/choose-individual-health-insurance-plan/,"looking to take the next step we've put together a","handy checklist","detailing how to go about shopping on the exchanges.",Dofollow,404,"2020-03-23 12:22:18","2020-04-05 21:23:34",0,0,57
50,4,7,0,http://please-dont-ask-me-i-dont-remember.blogspot.com/2014/,"please-dont-ask-me-i-dont-remember: 2014",35,356,https://www.policygenius.com/insurance-advice/shopping-the-aca-health-insurance-exchanges/,"actual shopping experience is like, we published a detailed account",titled,", "" What no one tells you about shopping the",Dofollow,404,"2020-04-14 21:08:59","2020-04-05 21:23:34",0,0,57
51,4,7,0,http://please-dont-ask-me-i-dont-remember.blogspot.com/2014/03/,"please-dont-ask-me-i-dont-remember: March 2014",22,68,https://www.policygenius.com/insurance-advice/choose-individual-health-insurance-plan/,"looking to take the next step we've put together a","handy checklist","detailing how to go about shopping on the exchanges.",Dofollow,404,"2020-03-23 12:22:18","2020-04-18 06:06:44",0,0,22
52,4,7,0,http://please-dont-ask-me-i-dont-remember.blogspot.com/2014/03/,"please-dont-ask-me-i-dont-remember: March 2014",22,68,https://www.policygenius.com/insurance-advice/shopping-the-aca-health-insurance-exchanges/,"actual shopping experience is like, we published a detailed account",titled,", "" What no one tells you about shopping the",Dofollow,404,"2020-04-14 21:08:59","2020-04-18 06:06:44",0,0,22
53,6,7,0,https://financialcoachgroup.com/category/blog/page/13/,"Blog Archives - Page 13 of 23 - Financial Coach Group",29,33,https://www.policygenius.com/blog/dave-ramsey-the-fiduciary-rule-and-you/,,"Dave Ramsey, the fiduciary rule, and you",,Dofollow,404,"2020-03-19 23:11:15","2020-04-15 08:55:35",0,0,21
54,14,7,0,https://www.semanticjuice.com/homeowners/policygenius.com,"policygenius.com - Homeowners",74,85,https://www.policygenius.com/blog/tag/credit-cards/,,https://www.policygenius.com/blog/tag/credit-cards/,,"Dofollow, Image",404,"2020-04-03 07:22:26","2020-04-17 21:09:07",0,0,25
55,14,7,0,https://www.semanticjuice.com/employee-benefits/policygenius.com,"policygenius.com - employee benefits",74,109,https://www.policygenius.com/blog/dave-ramsey-term-life-insurance-whole-life-insurance/,,https://www.policygenius.com/blog/dave-ramsey-term-life-insurance-whole-life-insurance/,,"Dofollow, Image",404,"2020-04-03 13:38:07","2020-04-15 03:40:51",0,0,24
56,4,6,0,http://please-dont-ask-me-i-dont-remember.blogspot.com/2014/03/poor-and-uninsured-youve-got-obamacare.html,"please-dont-ask-me-i-dont-remember: Poor and Uninsured? You've got an Obamacare Discount Waiting",22,28,https://www.policygenius.com/insurance-advice/choose-individual-health-insurance-plan/,"looking to take the next step we've put together a","handy checklist","detailing how to go about shopping on the exchanges.","Dofollow, Content",404,"2020-03-23 12:22:18","2020-03-26 12:40:37",0,0,13
57,4,6,0,http://please-dont-ask-me-i-dont-remember.blogspot.com/2014/03/poor-and-uninsured-youve-got-obamacare.html,"please-dont-ask-me-i-dont-remember: Poor and Uninsured? You've got an Obamacare Discount Waiting",22,28,https://www.policygenius.com/insurance-advice/shopping-the-aca-health-insurance-exchanges/,"actual shopping experience is like, we published a detailed account",titled,", "" What no one tells you about shopping the","Dofollow, Content",404,"2020-04-14 21:08:59","2020-03-26 12:40:37",0,0,13
58,3,6,0,http://www.colwis.ca/index.php/resume/9212/,"do my investments term paper",93,54,https://www.policygenius.com/blog/library/uploads/2017/02/premium-investment-feature-021617.jpg/,,"Portfolio Essay Example Amazon com index fund portfolio",,"Nofollow, Image",404,"2020-04-12 22:02:06","2020-04-13 23:37:02",0,0,38
59,6,6,0,http://theherdlocker.com/tweet/index?q=fintech&offset=88030&max=10,"#fintech content 19-Mar-20 19:56 to 19-Mar-20 19:15 - TheHerdLocker.com",19,45,https://www.policygenius.com/blog/quibi-is-joining-a-crowded-streaming-market-heres-how-to-cut-through-the-noise-in-the-midst-of-a-pandemic/,,https://www.policygenius.com/blog/quibi-is-joining-a-crowded-streaming-market-heres-how-to-cut-through-the-noise-in-the-midst-of-a-pandemic/,,Dofollow,404,"2020-03-28 19:36:32","2020-03-19 20:06:21",0,0,16
60,5,6,0,https://kipkis.com/Cancel_Life_Insurance,"Cancel Life Insurance - Kipkis",16,21,https://www.policygenius.com/life-insurance/guide/application-process,,https://www.policygenius.com/life-insurance/guide/application-process,,Nofollow,404,"2020-04-15 23:09:50","2020-03-31 03:27:44",0,0,12
61,6,6,0,https://financialcoachgroup.com/category/blog/page/12/,"Blog Archives - Page 12 of 23 - Financial Coach Group",29,35,https://www.policygenius.com/blog/dave-ramsey-the-fiduciary-rule-and-you/,,"Dave Ramsey, the fiduciary rule, and you",,Dofollow,404,"2020-03-19 23:11:15","2020-03-22 08:22:16",0,0,22
62,6,6,0,https://financialcoachgroup.com/category/fctop5/page/9/,"Top Plays Archives - Page 9 of 14 - Financial Coach Group",28,43,https://www.policygenius.com/blog/dave-ramsey-the-fiduciary-rule-and-you/,,"Dave Ramsey, the fiduciary rule, and you",,Dofollow,404,"2020-03-19 23:11:15","2020-03-14 11:27:24",0,0,26
63,5,5,0,https://www.millenniumbrokers.com/life-insurance/,"Get an Instant Life Insurance Quote - Millennium Brokers",21,16,https://www.policygenius.com/life-insurance/define/increasing-term-life-insurance,,"Increasing Term","is just the opposite. Both the premium and the death","Dofollow, Content",404,"2020-03-21 03:09:44","2020-03-19 18:05:24",0,2,12
64,3,5,0,https://medcapassets.com/how-come-no-one-talks-about-20-year-mortgages/,"How come no one talks about 20-year mortgages? | Medallion Capital",17,16,https://www.policygenius.com/blog/how-come-no-one-talks-about-20-year-mortgages/﻿/,"This article originally appeared on",Policygenius.,,Dofollow,404,"2020-03-29 11:57:49","2020-04-03 09:58:56",0,0,3
65,0,5,0,http://always.loveyou.tips/28793/,"Galleries Related: How Much Do You Love Me Answers , How Much Do You Love Me Poems , - ALWAYS",46,8,https://www.policygenius.com/blog/wp-content/uploads/2014/09/top-ten-pet-claims.png/,Origin:,"862 X 2152, 129KB",,"Dofollow, Content",404,"2020-04-16 13:20:34","2020-03-23 02:42:12",0,0,3
66,3,5,0,http://medcapassets.com/how-come-no-one-talks-about-20-year-mortgages/,"How come no one talks about 20-year mortgages? | Medallion Capital",18,21,https://www.policygenius.com/blog/how-come-no-one-talks-about-20-year-mortgages/﻿/,"This article originally appeared on",Policygenius.,,Dofollow,404,"2020-03-29 11:57:49","2020-04-03 14:01:24",0,0,3
67,6,5,0,https://financialcoachgroup.com/2016/03/21/fc-top-five-15/,"Top Plays of the Week - Financial Coach Group",23,26,https://www.policygenius.com/blog/dave-ramsey-the-fiduciary-rule-and-you/,,"Dave Ramsey, the fiduciary rule, and you",,Dofollow,404,"2020-03-19 23:11:15","2020-04-16 22:42:22",0,0,17
68,0,5,1,http://alternativemedicinenaoroi.blogspot.com/2016/10/you-know-what-they-call-alternative.html,"Alternative Medicine: You Know What They Call Alternative Medicine",101,58,https://www.policygenius.com/blog/library/uploads/2014/08/010-dr-k-200x300.jpg/,,"Photos of You Know What They Call Alternative Medicine",,"Dofollow, Image",404,"2020-04-08 13:35:00","2020-04-18 11:27:22",0.03,1,43
69,1,4,0,http://emergencyclinictsudobie.blogspot.com/2015/08/emergency-clinic-no-insurance.html,"Emergency Clinic: Emergency Clinic No Insurance",61,74,https://www.policygenius.com/blog/library/uploads/2014/10/kitten_check_up_at_guantanamo.jpg/,,"Emergency Clinic No Insurance Pictures",,"Dofollow, Image, Content",404,"2020-03-28 13:47:03","2020-04-17 01:38:52",0,0,50
70,0,3,0,http://dentalinsurancechiginma.blogspot.com/2017/06/dental-insurance-discount-plans.html,"Dental Insurance: Dental Insurance Discount Plans",63,60,https://www.policygenius.com/blog/library/uploads/2014/08/dental-no-retainer-resized.jpg/,,"Photos of Dental Insurance Discount Plans",,"Dofollow, Image",404,"2020-03-16 17:05:18","2020-04-05 07:12:03",0,0,41
71,0,3,0,http://dentalinsurancechiginma.blogspot.com/2017/06/dental-insurance-vs-dental-discount.html,"Dental Insurance: Dental Insurance Vs Dental Discount",63,59,https://www.policygenius.com/blog/library/uploads/2015/07/dentalplans-ads-01-728x90.png/,,"Dental Insurance Vs Dental Discount Photos",,"Dofollow, Image",404,"2020-04-04 03:08:37","2020-04-16 23:07:02",0,0,37
72,0,3,0,https://www.bradly.pw/video/rBjIEffMq0g,"Halloween Special | King and the Sting w/ Theo Von & Brendan Schaub #43",33,11,https://www.policygenius.com/To/,"KATS3. HelloFresh - https://hellofresh.com/kats80 promo code: KATS804. Policy Genius -",https://policygenius.com/To,"submit to the show email: [email protected] the subject line, specify",Nofollow,404,"2020-04-20 03:52:54","2020-03-05 15:56:04",0,0,7
73,0,1,0,https://www.solowealth.com/blog/diy-financial-planning-has-never-been-easier-heres-how/,"Build Your Own Financial Plan! Here’s how… : Solowealth",30,44,https://www.policygenius.com/insurance-checkup-and-advice/basics/,,"Insurance Checkup",,"Dofollow, Content",404,"2020-03-23 16:32:17","2020-03-21 09:44:43",0,0,18
74,0,1,0,http://yhtmagazine.com/top-5-health-insurance-shopping-secrets-from-personal-finance-experts/,"Top 5 health insurance shopping secrets from personal finance experts | Your Health Today Magazine",13,53,https://www.policygenius.com/health-insurance/learn/what-we-learned-about-health-insurance/,"We recently","took a survey of 10 of the largest cities in America","to see how well they knew common health insurance terms.","Dofollow, Content",404,"2020-03-28 18:11:17","2020-03-26 12:24:13",0,0,13
75,0,0,0,https://mylifeinsurancerates.com/reasons-men-buy-life-insurance/,"Reasons Men Buy Life Insurance - mylifeinsurancerates.com",34,6,https://www.policygenius.com/blog/clark_howard_whole_life_insurance_term/,,www.policygenius.com?/blog/clark_howard_whole_life_insurance_term/,,Dofollow,404,"2020-04-06 17:38:36","2020-04-11 16:57:35",0,0,3
76,0,0,0,http://amendedtaxreturnzushikiwa.blogspot.com/2017/02/file-amended-tax-return-turbotax.html,"Amended Tax Return: File Amended Tax Return Turbotax",70,57,https://www.policygenius.com/blog/library/uploads/2016/03/turbotax-feature-030116.jpg/,,"File Amended Tax Return Turbotax",,"Dofollow, Image, Content",404,"2020-04-18 07:17:21","2020-04-17 23:01:24",0,0,39
77,0,0,0,http://averagemortgagedaranba.blogspot.com/2017/03/average-mortgage-in-new-jersey.html,"Average Mortgage: Average Mortgage In New Jersey",72,55,https://www.policygenius.com/blog/library/uploads/2016/11/renting-vs-owning@2x.png/,,"Average Mortgage In New Jersey",,"Dofollow, Image",404,"2020-04-18 06:04:48","2020-03-29 14:06:07",0,0,37
78,0,0,0,http://buytruckbiyumia.blogspot.com/2017/03/,"Buy Truck: March 2017",44,150,https://www.policygenius.com/blog/library/uploads/2015/10/cracked-windshield-v1-social-102215.jpg/,,"Should I Buy Truck Rental Insurance Photos",,"Dofollow, Image",404,"2020-04-16 14:37:48","2020-04-06 03:01:47",0,0,109
79,0,0,0,http://buytruckbiyumia.blogspot.com/2017/03/should-i-buy-truck-rental-insurance.html,"Buy Truck: Should I Buy Truck Rental Insurance",42,54,https://www.policygenius.com/blog/library/uploads/2015/10/cracked-windshield-v1-social-102215.jpg/,,"Should I Buy Truck Rental Insurance Photos",,"Dofollow, Image",404,"2020-04-16 14:37:48","2020-03-31 16:11:53",0,0,42
80,0,0,0,http://carinsurancecoveragebikikoma.blogspot.com/2017/01/,"Car Insurance Coverage: January 2017",63,150,https://www.policygenius.com/blog/library/uploads/2014/10/uber_insurance_coverage_infographic_blog_7.22.png/,,"Images of Uber Car Insurance Coverage",,"Dofollow, Image",404,"2020-03-22 10:00:11","2020-04-17 11:39:20",0,0,101
81,0,0,0,http://carinsurancecoveragebikikoma.blogspot.com/2017/01/uber-car-insurance-coverage.html,"Car Insurance Coverage: Uber Car Insurance Coverage",62,65,https://www.policygenius.com/blog/library/uploads/2014/10/uber_insurance_coverage_infographic_blog_7.22.png/,,"Images of Uber Car Insurance Coverage",,"Dofollow, Image",404,"2020-03-22 10:00:11","2020-04-01 22:38:30",0,0,43
82,0,0,0,http://disabilitydokein.blogspot.com/2015/01/long-term-disability-insurance.html,"Disability: Long Term Disability Insurance",63,76,https://www.policygenius.com/blog/library/uploads/2015/07/freelancers-guide-to-long-term-disability-insurance.png/,,"Long Term Disability Insurance Pictures",,"Dofollow, Image, Content",404,"2020-04-13 14:15:40","2020-04-01 21:09:38",0,0,49
83,0,0,0,http://disabilitydokein.blogspot.com/2015/09/what-is-long-term-disability-insurance.html,"Disability: What Is Long Term Disability Insurance",69,71,https://www.policygenius.com/blog/library/uploads/2015/07/freelancers-guide-to-long-term-disability-insurance.png/,,"Photos of What Is Long Term Disability Insurance",,"Dofollow, Image",404,"2020-04-13 14:15:40","2020-04-16 22:10:14",0,0,48
84,0,0,0,http://disabilitypaydakaen.blogspot.com/2015/04/long-term-disability-pay.html,"Disability Pay: Long Term Disability Pay",54,73,https://www.policygenius.com/blog/library/uploads/2014/09/ltd-quote-ad@2x.png/,,"Long Term Disability Pay Photos",,"Dofollow, Image, Content",404,"2020-03-21 09:31:08","2020-04-04 13:53:21",0,0,56
85,0,0,0,http://disabilitypaydakaen.blogspot.com/2015/06/how-do-you-get-disability-pay.html,"Disability Pay: How Do You Get Disability Pay",53,61,https://www.policygenius.com/blog/library/uploads/2015/07/money-a-728x90@2x.png/,,"Photos of How Do You Get Disability Pay",,"Dofollow, Image, Content",404,"2020-03-20 11:40:50","2020-04-18 17:03:39",0,0,49
86,0,0,0,http://disabilitypaydakaen.blogspot.com/2016/02/long-term-disability-pay-back.html,"Disability Pay: Long Term Disability Pay Back",52,75,https://www.policygenius.com/blog/library/uploads/2014/10/own-occupation-typewriter-dog-1360.jpg/,,"Long Term Disability Pay Back",,"Dofollow, Image, Content",404,"2020-04-04 00:50:25","2020-04-07 10:45:38",0,0,49
87,0,0,0,http://ec2-54-254-205-81.ap-southeast-1.compute.amazonaws.com/my/lifestyle/the-ultimate-guide-to-a-monthly-budget-and-how-to-stick-to-it,"The Ultimate Guide To A Monthly Budget And How To Stick To It (Point #3 Is The Hardest)",21,24,https://www.policygenius.com/blog/dave-ramsey-term-life-insurance-whole-life-insurance/,"Image via","Policy Genius",,Dofollow,404,"2020-04-03 13:38:07","2020-04-03 23:19:55",0,0,13
88,0,0,0,http://employeebenefitsdenboshi.blogspot.com/2015/12/employee-benefits-for-startups.html,"Employee Benefits: Employee Benefits For Startups",66,71,https://www.policygenius.com/blog/library/uploads/2014/06/health-insurance-benchmarks-for-startups-policygenius.png/,,"Employee Benefits For Startups",,"Dofollow, Image, Content",404,"2020-04-18 12:48:33","2020-04-15 05:35:23",0,0,42
89,0,0,0,http://esraseferinoglu.blogspot.com/2016/,"Talk To Me In English : 2016",18,68,https://www.policygenius.com/blog/library/uploads/2014/07/storytelling-magicfrits-ahlefeldt-laurvig.jpg/,,,,"Dofollow, Image",404,"2020-03-27 01:21:54","2020-03-16 21:39:29",0,0,24
90,0,0,0,http://esraseferinoglu.blogspot.com/2016/04/,"Talk To Me In English : April 2016",12,25,https://www.policygenius.com/blog/library/uploads/2014/07/storytelling-magicfrits-ahlefeldt-laurvig.jpg/,,,,"Dofollow, Image",404,"2020-03-27 01:21:54","2020-03-25 08:14:47",0,0,12
91,0,0,0,http://esraseferinoglu.blogspot.com/2016/04/be-ready-you-are-teller-of-your-own.html,"Talk To Me In English : Be Ready; You Are The Teller Of Your Own Story",13,15,https://www.policygenius.com/blog/library/uploads/2014/07/storytelling-magicfrits-ahlefeldt-laurvig.jpg/,,,,"Dofollow, Image",404,"2020-03-27 01:21:54","2020-04-03 17:49:59",0,0,10
92,0,0,0,http://extraincomedairen.blogspot.com/2017/05/,"Extra Income: May 2017",78,154,https://www.policygenius.com/blog/library/uploads/2016/03/feat-cant-pay-your-taxes.jpg/,,"Images of When Do You Claim Extra Income On Taxes",,"Dofollow, Image",404,"2020-03-20 20:28:15","2020-04-16 10:09:17",0,0,105
93,0,0,0,http://extraincomedairen.blogspot.com/2017/05/when-do-you-claim-extra-income-on-taxes.html,"Extra Income: When Do You Claim Extra Income On Taxes",76,60,https://www.policygenius.com/blog/library/uploads/2016/03/feat-cant-pay-your-taxes.jpg/,,"Images of When Do You Claim Extra Income On Taxes",,"Dofollow, Image",404,"2020-03-20 20:28:15","2020-03-26 21:38:37",0,0,43
94,0,0,0,http://filetaxestsushikasu.blogspot.com/2017/03/on-social-security-do-i-file-taxes.html,"File Taxes: On Social Security Do I File Taxes",71,65,https://www.policygenius.com/blog/library/uploads/2016/02/freelancer-taxes-quarterly-social-020416.jpg/,,"Photos of On Social Security Do I File Taxes",,"Dofollow, Image, Content",404,"2020-03-27 00:26:06","2020-04-15 21:42:23",0,0,40
95,0,0,0,http://filetaxestsushikasu.blogspot.com/2017/06/file-taxes-at-library.html,"File Taxes: File Taxes At Library",85,69,https://www.policygenius.com/blog/library/uploads/2017/04/30466369651_2909719522_o.jpg/,,"Pictures of File Taxes At Library",,"Dofollow, Image",404,"2020-04-05 15:19:23","2020-03-22 20:24:36",0,0,41
96,0,0,0,http://filetaxestsushikasu.blogspot.com/2017/07/file-taxes-health-insurance.html,"File Taxes: File Taxes Health Insurance",85,63,https://www.policygenius.com/blog/library/uploads/2016/02/freelancer-taxes-quarterly-social-020416.jpg/,,"File Taxes Health Insurance Pictures",,"Dofollow, Image",404,"2020-03-27 00:26:06","2020-03-31 06:53:18",0,0,45
97,0,0,0,http://filetaxestsushikasu.blogspot.com/2017/09/file-taxes-without-1099.html,"File Taxes: File Taxes Without 1099",67,63,https://www.policygenius.com/blog/library/uploads/2015/07/renters-insurance-guide-updated.png/,,"File Taxes Without 1099 Photos",,"Dofollow, Image, Content",404,"2020-04-11 03:22:04","2020-03-27 02:58:08",0,0,43
98,0,0,0,http://helpwithhousingwazuhiro.blogspot.com/2015/01/i-need-help-paying-my-rent-asap.html,"Help With Housing: I Need Help Paying My Rent Asap",74,49,https://www.policygenius.com/blog/library/uploads/2015/07/bio-rich-moy-4.jpg/,,"Pictures of I Need Help Paying My Rent Asap",,"Dofollow, Image",404,"2020-03-19 05:28:05","2020-03-26 22:17:43",0,0,35
99,0,0,0,http://homeequityloanjimusubu.blogspot.com/2017/01/bank-of-america-home-equity-loan-rates.html,"Home Equity Loan: Bank Of America Home Equity Loan Rates",83,26,https://www.policygenius.com/blog/library/uploads/2016/03/bankofamerica-autolending.jpg/,,"Bank Of America Home Equity Loan Rates Images",,"Dofollow, Image",404,"2020-03-31 19:14:55","2020-04-19 01:05:23",0,0,17
100,0,0,0,http://homeequityloanjimusubu.blogspot.com/2017/01/bank-of-america-home-equity-loan.html,"Home Equity Loan: Bank Of America Home Equity Loan",83,57,https://www.policygenius.com/blog/library/uploads/2016/03/bankofamerica-autolending.jpg/,,"Bank Of America Home Equity Loan Images",,"Dofollow, Image",404,"2020-03-31 19:14:55","2020-04-17 11:34:17",0,0,23
101,0,0,0,http://homeequityloanjimusubu.blogspot.com/2017/08/,"Home Equity Loan: August 2017",88,148,https://www.policygenius.com/blog/library/uploads/2016/03/bankofamerica-autolending.jpg/,,"Home Equity Loan Rates Bank Of America Pictures",,"Dofollow, Image",404,"2020-03-31 19:14:55","2020-03-29 20:17:33",0,0,89
102,0,0,0,http://homeequityloanjimusubu.blogspot.com/2017/08/home-equity-loan-rates-bank-of-america.html,"Home Equity Loan: Home Equity Loan Rates Bank Of America",86,32,https://www.policygenius.com/blog/library/uploads/2016/03/bankofamerica-autolending.jpg/,,"Home Equity Loan Rates Bank Of America Pictures",,"Dofollow, Image",404,"2020-03-31 19:14:55","2020-04-05 16:23:16",0,0,22
103,0,0,0,http://homeequityloansheizai.blogspot.com/2017/01/bank-of-america-home-equity-loan-rates.html,"Home Equity Loans: Bank Of America Home Equity Loan Rates",64,36,https://www.policygenius.com/blog/library/uploads/2016/03/bankofamerica-autolending.jpg/,,"Pictures of Bank Of America Home Equity Loan Rates",,"Dofollow, Image",404,"2020-03-31 19:14:55","2020-04-17 08:11:18",0,0,19
104,0,0,0,http://homeequityloansheizai.blogspot.com/2017/02/getting-home-equity-loan-with-poor.html,"Home Equity Loans: Getting A Home Equity Loan With Poor Credit",70,66,https://www.policygenius.com/blog/library/uploads/2016/03/bankofamerica-autolending.jpg/,,"Photos of Getting A Home Equity Loan With Poor Credit",,"Dofollow, Image",404,"2020-03-31 19:14:55","2020-04-20 02:47:19",0,0,45
105,0,0,0,http://homeequityloansheizai.blogspot.com/2017/08/home-equity-loan-rates-bank-of-america.html,"Home Equity Loans: Home Equity Loan Rates Bank Of America",89,39,https://www.policygenius.com/blog/library/uploads/2016/03/bankofamerica-autolending.jpg/,,"Home Equity Loan Rates Bank Of America Photos",,"Dofollow, Image",404,"2020-03-31 19:14:55","2020-04-19 08:02:11",0,0,24
106,0,0,0,http://homefinancezukusei.blogspot.com/2017/02/going-into-nursing-home-finance.html,"Home Finance: Going Into A Nursing Home Finance",70,64,https://www.policygenius.com/blog/library/uploads/2017/05/megan-mccormick-author.jpg/,,"Images of Going Into A Nursing Home Finance",,"Dofollow, Image, Content",404,"2020-03-27 06:15:24","2020-04-17 06:54:47",0,0,45
107,0,0,0,http://homefinancezukusei.blogspot.com/2017/02/going-into-nursing-home-finance.html,"Home Finance: Going Into A Nursing Home Finance",70,64,https://www.policygenius.com/blog/library/uploads/2017/05/retirement-home-feature-052617.jpg/,,"Going Into A Nursing Home Finance Images",,"Dofollow, Image, Content",404,"2020-03-22 21:14:44","2020-04-17 06:54:47",0,0,45
108,0,0,0,http://homeloanmortgagebeiribu.blogspot.com/2017/08/home-loan-mortgage-fees.html,"Home Loan Mortgage: Home Loan Mortgage Fees",58,59,https://www.policygenius.com/blog/library/uploads/2016/12/mortgage-earnest-feature-120216.jpg/,,"Pictures of Home Loan Mortgage Fees",,"Dofollow, Image",404,"2020-04-14 03:16:39","2020-04-01 13:21:24",0,0,44
109,0,0,0,http://homemortgagehanamaya.blogspot.com/2017/02/irs-home-mortgage-interest-deduction.html,"Home Mortgage: Irs Home Mortgage Interest Deduction",87,58,https://www.policygenius.com/blog/library/uploads/2016/03/irs-home-mortgage-interest-deductions.png/,,"Images of Irs Home Mortgage Interest Deduction",,"Dofollow, Image",404,"2020-03-19 23:03:55","2020-03-31 02:48:44",0,0,41
110,0,0,0,http://homemortgagehanamaya.blogspot.com/2017/04/second-home-mortgage-interest-deduction.html,"Home Mortgage: Second Home Mortgage Interest Deduction",79,69,https://www.policygenius.com/blog/library/uploads/2016/03/irs-home-mortgage-interest-deductions.png/,,"Second Home Mortgage Interest Deduction",,"Dofollow, Image",404,"2020-03-19 23:03:55","2020-04-16 10:56:01",0,0,46
111,0,0,0,http://homemortgagesmichisai.blogspot.com/2017/02/irs-home-mortgage-interest-deduction.html,"Home Mortgages: Irs Home Mortgage Interest Deduction",68,63,https://www.policygenius.com/blog/library/uploads/2016/03/irs-home-mortgage-interest-deductions.png/,,"Images of Irs Home Mortgage Interest Deduction",,"Dofollow, Image, Content",404,"2020-03-19 23:03:55","2020-04-03 06:22:51",0,0,45
112,0,0,0,http://homemortgagesmichisai.blogspot.com/2017/04/second-home-mortgage-interest-deduction.html,"Home Mortgages: Second Home Mortgage Interest Deduction",73,75,https://www.policygenius.com/blog/library/uploads/2016/03/irs-home-mortgage-interest-deductions.png/,,"Second Home Mortgage Interest Deduction Photos",,"Dofollow, Image",404,"2020-03-19 23:03:55","2020-04-18 03:25:46",0,0,51
113,0,0,0,http://homemortgagesmichisai.blogspot.com/2017/07/home-mortgage-interest-deduction.html,"Home Mortgages: Home Mortgage Interest Deduction",80,68,https://www.policygenius.com/blog/library/uploads/2016/03/irs-home-mortgage-interest-deductions.png/,,"Images of Home Mortgage Interest Deduction",,"Dofollow, Image",404,"2020-03-19 23:03:55","2020-03-26 18:48:37",0,0,46
114,0,0,0,http://homemortgagesmichisai.blogspot.com/2017/07/home-mortgage-interest.html,"Home Mortgages: Home Mortgage Interest",80,67,https://www.policygenius.com/blog/library/uploads/2016/03/irs-home-mortgage-interest-deductions.png/,,"Pictures of Home Mortgage Interest",,"Dofollow, Image",404,"2020-03-19 23:03:55","2020-03-29 06:14:36",0,0,46
115,0,0,0,http://insurancecompareyasuzue.blogspot.com/2017/03/life-insurance-compare-quotes.html,"Insurance Compare: Life Insurance Compare Quotes",82,59,https://www.policygenius.com/blog/library/uploads/2016/06/policygenius-track-and-compare-life-insurance-quotes-tool.pdf/,,"Track & Compare Life Insurance Quotes - PolicyGenius",,Dofollow,404,"2020-04-09 21:19:08","2020-04-16 18:23:27",0,0,39
116,0,0,0,http://insuranceexambirugita.blogspot.com/2015/06/california-life-insurance-exam-questions.html,"Insurance Exam: California Life Insurance Exam Questions",61,57,https://www.policygenius.com/blog/library/uploads/2015/09/chart1-60-year-old-guaranteed-unit.jpg/,,"California Life Insurance Exam Questions Images",,"Dofollow, Image",404,"2020-04-10 07:42:28","2020-04-18 21:13:27",0,0,42
117,0,0,0,http://irshelpdakeiji.blogspot.com/2017/05/irs-help-cant-pay.html,"Irs Help: Irs Help Cant Pay",49,47,https://www.policygenius.com/blog/library/uploads/2016/03/feat-cant-pay-your-taxes.jpg/,,"Irs Help Cant Pay Images",,"Dofollow, Image",404,"2020-03-20 20:28:15","2020-04-07 02:46:35",0,0,40
118,0,0,0,"http://localfindattorney.com/searchblock.php?q=increasing premium term life insurance","Search results for increasing premium term life insurance - LocalToUs",13,8,https://www.policygenius.com/life-insurance/define/increasing-term-life-insurance,,"Definition of increasing term life insurance - Policygenius",,Dofollow,404,"2020-03-21 03:09:44","2020-03-13 03:46:16",0,0,5
119,0,0,0,http://mortgageprotectionbirakushi.blogspot.com/2017/02/is-mortgage-protection-insurance-worth.html,"Mortgage Protection: Is Mortgage Protection Insurance Worth It",64,56,https://www.policygenius.com/blog/library/uploads/2016/02/feat-rocket-mortgage.jpg/,,"Is Mortgage Protection Insurance Worth It Images",,"Dofollow, Image",404,"2020-04-15 07:41:17","2020-04-07 20:11:09",0,0,38
120,0,0,0,http://mortgageprotectionbirakushi.blogspot.com/2017/02/is-mortgage-protection-insurance-worth.html,"Mortgage Protection: Is Mortgage Protection Insurance Worth It",64,56,https://www.policygenius.com/blog/library/uploads/2016/05/what-is-pmi-featured-061716.jpg/,,"Is Mortgage Protection Insurance Worth It Pictures",,"Dofollow, Image",404,"2020-04-13 07:22:04","2020-04-07 20:11:09",0,0,38
121,0,0,0,http://mortgageprotectionbirakushi.blogspot.com/2017/02/is-mortgage-protection-insurance-worth.html,"Mortgage Protection: Is Mortgage Protection Insurance Worth It",64,56,https://www.policygenius.com/blog/library/uploads/2017/04/mortgage-protection-insurance-feature-042117.jpg/,,"Is Mortgage Protection Insurance Worth It Photos",,"Dofollow, Image",404,"2020-04-01 07:32:19","2020-04-07 20:11:09",0,0,38
122,0,0,0,http://mortgageprotectionbirakushi.blogspot.com/2017/03/loan-and-mortgage-protection.html,"Mortgage Protection: Loan And Mortgage Protection",77,66,https://www.policygenius.com/blog/library/uploads/2017/04/mortgage-protection-insurance-feature-042117.jpg/,,"Pictures of Loan And Mortgage Protection",,"Dofollow, Image, Content",404,"2020-04-01 07:32:19","2020-04-15 23:10:25",0,0,51
123,0,0,0,http://mortgageprotectionbirakushi.blogspot.com/2017/05/what-is-mortgage-protection-policy.html,"Mortgage Protection: What Is A Mortgage Protection Policy",78,58,https://www.policygenius.com/blog/library/uploads/2017/04/mortgage-protection-insurance-feature-042117.jpg/,,"What Is A Mortgage Protection Policy Pictures",,"Dofollow, Image",404,"2020-04-01 07:32:19","2020-04-18 13:03:41",0,0,42
124,0,0,0,http://mortgageprotectionbirakushi.blogspot.com/2017/06/mortgage-protection-event.html,"Mortgage Protection: Mortgage Protection Event",84,56,https://www.policygenius.com/blog/library/uploads/2017/04/mortgage-protection-insurance-feature-042117.jpg/,,"Mortgage Protection Event Pictures",,"Dofollow, Image, Content",404,"2020-04-01 07:32:19","2020-04-14 12:19:17",0,0,38
125,0,0,0,http://mortgageprotectionbirakushi.blogspot.com/2017/06/mortgage-protection-guide.html,"Mortgage Protection: Mortgage Protection Guide",84,63,https://www.policygenius.com/blog/library/uploads/2017/04/mortgage-protection-insurance-feature-042117.jpg/,,"Images of Mortgage Protection Guide",,"Dofollow, Image",404,"2020-04-01 07:32:19","2020-04-17 13:59:24",0,0,46
126,0,0,,http://mortgageprotectionbirakushi.blogspot.com/2017/08/,"Mortgage Protection: August 2017",93,152,https://www.policygenius.com/blog/library/uploads/2017/04/mortgage-protection-insurance-feature-042117.jpg/,,"Mortgage Protection Term Insurance Pictures",,"Dofollow, Image",404,"2020-04-01 07:32:19","2020-04-16 15:49:31",0,0,99
127,0,0,0,http://mortgageprotectionbirakushi.blogspot.com/2017/08/mortgage-protection-policy.html,"Mortgage Protection: Mortgage Protection Policy",91,62,https://www.policygenius.com/blog/library/uploads/2017/04/mortgage-protection-insurance-feature-042117.jpg/,,"Mortgage Protection Policy Images",,"Dofollow, Image",404,"2020-04-01 07:32:19","2020-04-15 05:06:05",0,0,42
128,0,0,0,http://mortgageprotectionbirakushi.blogspot.com/2017/08/mortgage-protection-term-insurance.html,"Mortgage Protection: Mortgage Protection Term Insurance",91,56,https://www.policygenius.com/blog/library/uploads/2017/04/mortgage-protection-insurance-feature-042117.jpg/,,"Mortgage Protection Term Insurance Pictures",,"Dofollow, Image",404,"2020-04-01 07:32:19","2020-04-17 05:46:21",0,0,41
129,0,0,0,http://mortgageprotectionbirakushi.blogspot.com/2017/09/mortgage-protection-trust.html,"Mortgage Protection: Mortgage Protection Trust",68,63,https://www.policygenius.com/blog/library/uploads/2017/04/mortgage-protection-insurance-feature-042117.jpg/,,"Mortgage Protection Trust Pictures",,"Dofollow, Image",404,"2020-04-01 07:32:19","2020-04-17 16:04:45",0,0,39
130,0,0,0,http://mortgageprotectionbirakushi.blogspot.com/2017/09/mortgage-protection-video.html,"Mortgage Protection: Mortgage Protection Video",67,69,https://www.policygenius.com/blog/library/uploads/2017/04/mortgage-protection-insurance-feature-042117.jpg/,,"Mortgage Protection Video",,"Dofollow, Image",404,"2020-04-01 07:32:19","2020-04-19 05:30:21",0,0,50
131,0,0,0,http://mortgageprotectionbirakushi.blogspot.com/2017/09/mortgage-protection-worth-it.html,"Mortgage Protection: Mortgage Protection Worth It",67,64,https://www.policygenius.com/blog/library/uploads/2016/02/feat-rocket-mortgage.jpg/,,"Mortgage Protection Worth It Photos",,"Dofollow, Image",404,"2020-04-15 07:41:17","2020-04-15 04:14:15",0,0,40
132,0,0,0,http://mortgageprotectionbirakushi.blogspot.com/2017/09/mortgage-protection-worth-it.html,"Mortgage Protection: Mortgage Protection Worth It",67,64,https://www.policygenius.com/blog/library/uploads/2016/05/what-is-pmi-featured-061716.jpg/,,"Photos of Mortgage Protection Worth It",,"Dofollow, Image, Content",404,"2020-04-13 07:22:04","2020-04-15 04:14:15",0,0,40
133,0,0,0,http://onlinecollegessboreina.blogspot.com/2017/01/easiest-online-colleges.html,"Online Collegess: Easiest Online Colleges",75,60,https://www.policygenius.com/blog/library/uploads/2016/08/pg-easiestwayonline-applyonline-728x90@2x.png/,,"Pictures of Easiest Online Colleges",,"Dofollow, Image",404,"2020-04-13 15:24:47","2020-03-28 00:05:38",0,0,42
134,0,0,0,http://owetaxesbakatahi.blogspot.com/2017/03/if-i-owe-taxes-can-i-pay-in-installments.html,"Owe Taxes: If I Owe Taxes Can I Pay In Installments",70,49,https://www.policygenius.com/blog/library/uploads/2015/10/feat-t-mobile-hack-data-experian.jpg/,,"If I Owe Taxes Can I Pay In Installments Pictures",,"Dofollow, Image",404,"2020-04-14 03:10:43","2020-04-16 21:26:00",0,0,36
135,0,0,0,http://owetaxesbakatahi.blogspot.com/2017/06/what-makes-you-owe-taxes.html,"Owe Taxes: What Makes You Owe Taxes",62,60,https://www.policygenius.com/blog/library/uploads/2016/03/feat-cant-pay-your-taxes.jpg/,,"Photos of What Makes You Owe Taxes",,"Dofollow, Image, Content",404,"2020-03-20 20:28:15","2020-04-16 15:15:55",0,0,48
136,0,0,0,http://owetaxesbakatahi.blogspot.com/2017/08/owe-taxes-instead-of-refund.html,"Owe Taxes: Owe Taxes Instead Of Refund",59,63,https://www.policygenius.com/blog/library/uploads/2016/03/feat-cant-pay-your-taxes.jpg/,,"Photos of Owe Taxes Instead Of Refund",,"Dofollow, Image, Content",404,"2020-03-20 20:28:15","2020-04-19 11:37:01",0,0,41
137,0,0,0,http://paytaxkazurito.blogspot.com/2017/09/pay-tax-using-credit-card.html,"Pay Tax: Pay Tax Using Credit Card",71,59,https://www.policygenius.com/blog/library/uploads/2016/04/uncle-sam-balloon-social-040516.jpg/,,"Pay Tax Using Credit Card",,"Dofollow, Image",404,"2020-04-17 08:57:47","2020-04-04 01:11:52",0,0,46
138,0,0,0,http://plussizefamilypajamas.com/family/date/2017/05/page/16/,"May, 2017 | Family Clothes - Part 16",75,139,https://www.policygenius.com/blog/library/uploads/2014/11/graduation-1300x867.jpg/,,"Student loan cosigner? Buy your kid life insurance",,"Dofollow, Image, Content",404,"2020-04-12 13:23:41","2020-04-20 13:02:01",0,0,40
139,0,0,0,http://plussizefamilypajamas.com/family/date/2017/05/page/42/,"May, 2017 | Family Clothes - Part 42",75,143,https://www.policygenius.com/blog/library/uploads/2014/11/graduation-1300x867.jpg/,,"Save money by paying student loan interest in college - PolicyGenius",,"Dofollow, Image",404,"2020-04-12 13:23:41","2020-03-27 04:50:40",0,0,62
140,0,0,0,http://plussizefamilypajamas.com/family/date/2017/06/page/41/,"June, 2017 | Family Clothes - Part 41",75,154,https://www.policygenius.com/blog/library/uploads/2014/11/graduation-1300x867.jpg/,,"Student loan cosigner? Buy your kid life insurance",,"Dofollow, Image",404,"2020-04-12 13:23:41","2020-04-18 19:17:22",0,0,56
141,0,0,0,http://plussizefamilypajamas.com/family/date/2017/07/page/22/,"July, 2017 | Family Clothes - Part 22",75,148,https://www.policygenius.com/blog/library/uploads/2014/11/graduation-1300x867.jpg/,,"Save money by paying student loan interest in college - PolicyGenius",,"Dofollow, Image",404,"2020-04-12 13:23:41","2020-04-01 19:35:58",0,0,78
142,0,0,0,http://plussizefamilypajamas.com/family/date/2017/07/page/55/,"July, 2017 | Family Clothes - Part 55",75,132,https://www.policygenius.com/blog/library/uploads/2014/11/graduation-1300x867.jpg/,,"Save money by paying student loan interest in college - PolicyGenius",,"Dofollow, Image",404,"2020-04-12 13:23:41","2020-04-06 21:34:37",0,0,55
143,0,0,0,http://plussizefamilypajamas.com/family/how-long-are-graduation-gowns-4311/,"How Long Are Graduation Gowns | Family Clothes",69,32,https://www.policygenius.com/blog/library/uploads/2014/11/graduation-1300x867.jpg/,,"Save money by paying student loan interest in college - PolicyGenius",,"Dofollow, Image, Content",404,"2020-04-12 13:23:41","2020-03-29 19:19:38",0,0,18
144,0,0,0,http://plussizefamilypajamas.com/family/how-long-are-graduation-gowns-supposed-to-be-5034/,"How Long Are Graduation Gowns Supposed To Be | Family Clothes",69,31,https://www.policygenius.com/blog/library/uploads/2014/11/graduation-1300x867.jpg/,,"Student loan cosigner? Buy your kid life insurance",,"Dofollow, Image, Content",404,"2020-04-12 13:23:41","2020-03-23 20:22:34",0,0,15
145,0,0,0,http://plussizefamilypajamas.com/family/how-long-is-a-graduation-gown-supposed-to-be-4467/,"How Long Is A Graduation Gown Supposed To Be | Family Clothes",69,31,https://www.policygenius.com/blog/library/uploads/2014/11/graduation-1300x867.jpg/,,"Student loan cosigner? Buy your kid life insurance",,"Dofollow, Image, Content",404,"2020-04-12 13:23:41","2020-03-18 14:59:30",0,0,15
146,0,0,0,http://plussizefamilypajamas.com/family/how-long-should-a-graduation-gown-be-5688/,"How Long Should A Graduation Gown Be | Family Clothes",69,32,https://www.policygenius.com/blog/library/uploads/2014/11/graduation-1300x867.jpg/,,"Save money by paying student loan interest in college - PolicyGenius",,"Dofollow, Image, Content",404,"2020-04-12 13:23:41","2020-04-12 03:38:34",0,0,22
147,0,0,0,http://plussizefamilypajamas.com/family/how-long-should-graduation-gown-be-5487/,"How Long Should Graduation Gown Be | Family Clothes",69,32,https://www.policygenius.com/blog/library/uploads/2014/11/graduation-1300x867.jpg/,,"Save money by paying student loan interest in college - PolicyGenius",,"Dofollow, Image, Content",404,"2020-04-12 13:23:41","2020-04-10 22:26:42",0,0,22
148,0,0,0,http://plussizefamilypajamas.com/gowns/page/130/,"Gowns | Family Clothes - Part 130",76,152,https://www.policygenius.com/blog/library/uploads/2014/11/graduation-1300x867.jpg/,,"Student loan cosigner? Buy your kid life insurance",,"Dofollow, Image",404,"2020-04-12 13:23:41","2020-03-26 17:35:13",0,0,56
149,0,0,0,http://plussizefamilypajamas.com/gowns/page/22/,"Gowns | Family Clothes - Part 22",76,149,https://www.policygenius.com/blog/library/uploads/2014/11/graduation-1300x867.jpg/,,"Save money by paying student loan interest in college - PolicyGenius",,"Dofollow, Image",404,"2020-04-12 13:23:41","2020-04-18 19:48:11",0,0,78
150,0,0,0,http://plussizefamilypajamas.com/gowns/page/225/,"Gowns | Family Clothes - Part 225",76,145,https://www.policygenius.com/blog/library/uploads/2014/11/graduation-1300x867.jpg/,,"Student loan cosigner? Buy your kid life insurance",,"Dofollow, Image, Content",404,"2020-04-12 13:23:41","2020-03-12 18:35:48",0,0,53
151,0,0,0,http://plussizefamilypajamas.com/gowns/page/251/,"Gowns | Family Clothes - Part 251",76,156,https://www.policygenius.com/blog/library/uploads/2014/11/graduation-1300x867.jpg/,,"Save money by paying student loan interest in college - PolicyGenius",,"Dofollow, Image",404,"2020-04-12 13:23:41","2020-03-24 08:05:06",0,0,58
152,0,0,0,http://plussizefamilypajamas.com/gowns/page/55/,"Gowns | Family Clothes - Part 55",76,132,https://www.policygenius.com/blog/library/uploads/2014/11/graduation-1300x867.jpg/,,"Save money by paying student loan interest in college - PolicyGenius",,"Dofollow, Image",404,"2020-04-12 13:23:41","2020-04-18 12:17:22",0,0,55
153,0,0,0,http://plussizefamilypajamas.com/page/22/,"Plus Size Matching Family Pajamas 2017 | Family Clothes - Part 22",75,147,https://www.policygenius.com/blog/library/uploads/2014/11/graduation-1300x867.jpg/,,"Save money by paying student loan interest in college - PolicyGenius",,"Dofollow, Image",404,"2020-04-12 13:23:41","2020-03-29 05:28:46",0,0,78
154,0,0,0,http://plussizefamilypajamas.com/page/55/,"Plus Size Matching Family Pajamas 2017 | Family Clothes - Part 55",75,132,https://www.policygenius.com/blog/library/uploads/2014/11/graduation-1300x867.jpg/,,"Save money by paying student loan interest in college - PolicyGenius",,"Dofollow, Image",404,"2020-04-12 13:23:41","2020-03-30 23:50:29",0,0,55
155,0,0,0,http://protectedlifeinsurancedzukein.blogspot.com/2017/08/life-insurance-quoting-engine.html,"Protected Life Insurance: Life Insurance Quoting Engine",70,44,https://www.policygenius.com/blog/library/uploads/2016/06/policygenius-track-and-compare-life-insurance-quotes-tool.pdf/,,"Track & Compare Life Insurance Quotes - PolicyGenius",,Dofollow,404,"2020-04-09 21:19:08","2020-04-09 15:17:12",0,0,27
156,0,0,0,http://protectedlifeinsurancedzukein.blogspot.com/2017/10/policygenius-life-insurance.html,"Protected Life Insurance: Policygenius Life Insurance",67,45,https://www.policygenius.com/blog/library/uploads/2015/12/policygenius-open-enrollment-guide-2016-v2.pdf/,,"How To Buy The Perfect Individual Health insurance Plan",,Dofollow,404,"2020-03-21 07:04:51","2020-04-07 05:37:44",0,0,32
157,0,0,0,http://protectedlifeinsurancedzukein.blogspot.com/2017/10/policygenius-life-insurance.html,"Protected Life Insurance: Policygenius Life Insurance",67,45,https://www.policygenius.com/blog/library/uploads/2016/06/policygenius-track-and-compare-life-insurance-quotes-tool.pdf/,,"Track & Compare Life Insurance Quotes - PolicyGenius",,Dofollow,404,"2020-04-09 21:19:08","2020-04-07 05:37:44",0,0,32
158,0,0,0,http://secondhomemortgagetsuroshika.blogspot.com/2017/,"Second Home Mortgage: 2017",49,179,https://www.policygenius.com/blog/library/uploads/2016/03/irs-home-mortgage-interest-deductions.png/,,"Pictures of Can You Deduct Second Home Mortgage Interest",,"Dofollow, Image",404,"2020-03-19 23:03:55","2020-04-16 04:16:59",0,0,110
159,0,0,0,http://secondhomemortgagetsuroshika.blogspot.com/2017/02/tax-deductions-for-second-home-mortgage.html,"Second Home Mortgage: Tax Deductions For Second Home Mortgage Interest",57,72,https://www.policygenius.com/blog/library/uploads/2016/03/irs-home-mortgage-interest-deductions.png/,,"Tax Deductions For Second Home Mortgage Interest Images",,"Dofollow, Image",404,"2020-03-19 23:03:55","2020-04-18 16:54:17",0,0,53
160,0,0,0,http://secondhomemortgagetsuroshika.blogspot.com/2017/03/irs-second-home-mortgage-interest.html,"Second Home Mortgage: Irs Second Home Mortgage Interest Deduction",60,59,https://www.policygenius.com/blog/library/uploads/2016/03/irs-home-mortgage-interest-deductions.png/,,"Irs Second Home Mortgage Interest Deduction Pictures",,"Dofollow, Image",404,"2020-03-19 23:03:55","2020-03-30 18:38:26",0,0,36
161,0,0,0,http://secondhomemortgagetsuroshika.blogspot.com/2017/07/second-home-mortgage-interest-deduction.html,"Second Home Mortgage: Second Home Mortgage Interest Deduction",57,63,https://www.policygenius.com/blog/library/uploads/2016/03/irs-home-mortgage-interest-deductions.png/,,"Second Home Mortgage Interest Deduction",,"Dofollow, Image",404,"2020-03-19 23:03:55","2020-04-14 12:11:06",0,0,44
162,0,0,0,http://secondhomemortgagetsuroshika.blogspot.com/2017/09/,"Second Home Mortgage: September 2017",49,179,https://www.policygenius.com/blog/library/uploads/2016/03/irs-home-mortgage-interest-deductions.png/,,"Pictures of Can You Deduct Second Home Mortgage Interest",,"Dofollow, Image",404,"2020-03-19 23:03:55","2020-04-15 17:16:38",0,0,110
163,0,0,0,http://secondhomemortgagetsuroshika.blogspot.com/2017/09/can-you-deduct-second-home-mortgage.html,"Second Home Mortgage: Can You Deduct Second Home Mortgage Interest",48,71,https://www.policygenius.com/blog/library/uploads/2016/03/irs-home-mortgage-interest-deductions.png/,,"Pictures of Can You Deduct Second Home Mortgage Interest",,"Dofollow, Image",404,"2020-03-19 23:03:55","2020-04-18 20:09:24",0,0,43
164,0,0,0,http://secondhomemortgagetsuroshika.blogspot.com/2017/09/second-home-mortgage-tax-deduction.html,"Second Home Mortgage: Second Home Mortgage Tax Deduction",48,66,https://www.policygenius.com/blog/library/uploads/2016/03/irs-home-mortgage-interest-deductions.png/,,"Second Home Mortgage Tax Deduction Images",,"Dofollow, Image",404,"2020-03-19 23:03:55","2020-04-06 13:49:51",0,0,50
165,0,0,0,http://secondhomemortgagetsuroshika.blogspot.com/2017/09/second-home-mortgage-tax-deduction_7.html,"Second Home Mortgage: Second Home Mortgage Tax Deduction Interest",48,72,https://www.policygenius.com/blog/library/uploads/2016/03/irs-home-mortgage-interest-deductions.png/,,"Second Home Mortgage Tax Deduction Interest Photos",,"Dofollow, Image",404,"2020-03-19 23:03:55","2020-04-15 05:23:52",0,0,51
166,0,0,0,http://taxadvicenareyame.blogspot.com/2017/08/tax-advice-married-filing-separately.html,"Tax Advice: Tax Advice Married Filing Separately",87,51,https://www.policygenius.com/blog/library/uploads/2016/03/tax-preparer-feature-030416.jpg/,,"Tax Advice Married Filing Separately",,"Dofollow, Image",404,"2020-04-05 05:04:33","2020-03-30 03:45:45",0,0,39
167,0,0,0,http://taxdebtteinzu.blogspot.com/2017/05/,"Tax Debt: May 2017",64,161,https://www.policygenius.com/blog/library/uploads/2017/04/30466369651_2909719522_o.jpg/,,"What Happens To Tax Debt When You Die Images",,"Dofollow, Image, Content",404,"2020-04-05 15:19:23","2020-04-16 16:53:01",0,0,116
168,0,0,0,http://taxdebtteinzu.blogspot.com/2017/05/what-happens-to-tax-debt-when-you-die.html,"Tax Debt: What Happens To Tax Debt When You Die",62,60,https://www.policygenius.com/blog/library/uploads/2017/04/30466369651_2909719522_o.jpg/,,"What Happens To Tax Debt When You Die Images",,"Dofollow, Image, Content",404,"2020-04-05 15:19:23","2020-03-28 08:51:36",0,0,45
169,0,0,0,http://taxreturngeibura.blogspot.com/2017/09/tax-return-year-of-death.html,"Tax Return: Tax Return Year Of Death",89,46,https://www.policygenius.com/blog/library/uploads/2017/04/30466369651_2909719522_o.jpg/,,"Tax Return Year Of Death",,"Dofollow, Image, Content",404,"2020-04-05 15:19:23","2020-03-31 17:44:57",0,0,33
170,0,0,0,https://borrowingbetter.com/first-time-homebuyer-credit/,"What Was the First Time Homebuyer Credit and Other Options Today",27,24,https://www.policygenius.com/blog/library/uploads/2016/07/first-time-homebuyer-social-071216.jpg/,"IMAGE SOURCE: 1 ,",2,,"Dofollow, Content",404,"2020-03-27 22:15:23","2020-03-23 17:58:08",0,6,11
171,0,0,0,https://freeinsurancequotes2016.blogspot.com/2015/02/buy-car-free-insurance.html,"buy a car free insurance - Free insurance quotes",47,36,https://www.policygenius.com/blog/library/uploads/2014/11/pic-todo-ad@2x.png/,,"How to get car insurance discounts - PolicyGenius",,"Dofollow, Image, Content",404,"2020-03-28 22:31:26","2020-04-16 04:57:27",0,0,20
172,0,0,0,https://insurancenewsblog.com/looking-for-something-new-to-stream-on-your-couch-quibi-is-joining-the-market/,"Looking for something new to stream on your couch? Quibi is joining the market – Insurance News",59,9,https://www.policygenius.com/blog/quibi-is-joining-a-crowded-streaming-market-heres-how-to-cut-through-the-noise-in-the-midst-of-a-pandemic/,,"Source link",,Dofollow,404,"2020-03-28 19:36:32","2020-04-15 02:17:30",0,0,5
173,0,0,0,https://insurancenewsblog.com/money-pro-tips-a-qa-with-author-podcast-host-lindsay-goldwert/,"Money pro tips: A Q&A with author & podcast host Lindsay Goldwert – Insurance News",59,12,https://www.policygenius.com/blog/money-pro-tips-a-q-a-with-lindsay-goldwert/bit.ly/bowdownbook/,"Goldwert, host of personal finance podcast “Spent” and author of","“Bow Down: Lessons from Dominatrixes on How to Get Everything You Want”",". Want more expert advice? Sign up for our Easy","Dofollow, Content",404,"2020-04-13 12:36:23","2020-04-15 04:17:04",0,0,5
174,0,0,0,https://insurancenewsblog.com/money-pro-tips-a-qa-with-procrastination-expert-petr-ludwig/,"Money pro tips: A Q&A with procrastination expert Petr Ludwig – Insurance News",59,9,https://www.policygenius.com/blog/money-pro-tips-q-and-a-with-petr-ludwig/procrastination.com/,"of “The End of Procrastination” and founder and CEO of",Procrastination.com,". Want more expert advice? Sign up for our Easy","Dofollow, Content",404,"2020-04-12 20:11:44","2020-04-13 21:29:48",0,0,6
175,0,0,0,https://meganashleighblog.blogspot.com/2016/11/daily-budget-budgeting-app.html,"Daily Budget: Budgeting App",92,38,https://www.policygenius.com/blog/library/uploads/2015/07/aa-icon-dailybudget.png/,,,,"Dofollow, Image, Content",404,"2020-03-14 16:06:32","2020-04-17 04:35:53",0,0,18
176,0,0,0,https://plussizefamilypajamas.com/family/date/2017/05/page/16/,"May, 2017 | Family Clothes - Part 16",75,138,https://www.policygenius.com/blog/library/uploads/2014/11/graduation-1300x867.jpg/,,"Student loan cosigner? Buy your kid life insurance",,"Dofollow, Image, Content",404,"2020-04-12 13:23:41","2020-03-31 00:37:02",0,0,40
177,0,0,0,https://plussizefamilypajamas.com/family/date/2017/05/page/42/,"May, 2017 | Family Clothes - Part 42",75,141,https://www.policygenius.com/blog/library/uploads/2014/11/graduation-1300x867.jpg/,,"Save money by paying student loan interest in college - PolicyGenius",,"Dofollow, Image",404,"2020-04-12 13:23:41","2020-04-05 06:05:26",0,0,62
178,0,0,0,https://plussizefamilypajamas.com/family/date/2017/06/page/41/,"June, 2017 | Family Clothes - Part 41",75,151,https://www.policygenius.com/blog/library/uploads/2014/11/graduation-1300x867.jpg/,,"Student loan cosigner? Buy your kid life insurance",,"Dofollow, Image",404,"2020-04-12 13:23:41","2020-03-22 10:54:14",0,0,56
179,0,0,0,https://plussizefamilypajamas.com/family/date/2017/07/page/22/,"July, 2017 | Family Clothes - Part 22",75,146,https://www.policygenius.com/blog/library/uploads/2014/11/graduation-1300x867.jpg/,,"Save money by paying student loan interest in college - PolicyGenius",,"Dofollow, Image",404,"2020-04-12 13:23:41","2020-03-24 03:42:06",0,0,78
180,0,0,0,https://plussizefamilypajamas.com/family/date/2017/07/page/55/,"July, 2017 | Family Clothes - Part 55",75,131,https://www.policygenius.com/blog/library/uploads/2014/11/graduation-1300x867.jpg/,,"Save money by paying student loan interest in college - PolicyGenius",,"Dofollow, Image",404,"2020-04-12 13:23:41","2020-03-15 05:15:49",0,0,55
181,0,0,0,https://plussizefamilypajamas.com/family/how-long-are-graduation-gowns-4311/,"How Long Are Graduation Gowns | Family Clothes",69,30,https://www.policygenius.com/blog/library/uploads/2014/11/graduation-1300x867.jpg/,,"Save money by paying student loan interest in college - PolicyGenius",,"Dofollow, Image, Content",404,"2020-04-12 13:23:41","2020-03-16 04:35:53",0,0,18
182,0,0,0,https://plussizefamilypajamas.com/family/how-long-are-graduation-gowns-supposed-to-be-5034/,"How Long Are Graduation Gowns Supposed To Be | Family Clothes",69,29,https://www.policygenius.com/blog/library/uploads/2014/11/graduation-1300x867.jpg/,,"Student loan cosigner? Buy your kid life insurance",,"Dofollow, Image, Content",404,"2020-04-12 13:23:41","2020-04-15 11:26:13",0,0,15
183,0,0,0,https://plussizefamilypajamas.com/family/how-long-is-a-graduation-gown-supposed-to-be-4467/,"How Long Is A Graduation Gown Supposed To Be | Family Clothes",69,29,https://www.policygenius.com/blog/library/uploads/2014/11/graduation-1300x867.jpg/,,"Student loan cosigner? Buy your kid life insurance",,"Dofollow, Image, Content",404,"2020-04-12 13:23:41","2020-03-19 16:47:11",0,0,15
184,0,0,0,https://plussizefamilypajamas.com/family/how-long-should-a-graduation-gown-be-5688/,"How Long Should A Graduation Gown Be | Family Clothes",69,30,https://www.policygenius.com/blog/library/uploads/2014/11/graduation-1300x867.jpg/,,"Save money by paying student loan interest in college - PolicyGenius",,"Dofollow, Image, Content",404,"2020-04-12 13:23:41","2020-03-21 09:32:52",0,0,22
185,0,0,0,https://plussizefamilypajamas.com/family/how-long-should-graduation-gown-be-5487/,"How Long Should Graduation Gown Be | Family Clothes",69,30,https://www.policygenius.com/blog/library/uploads/2014/11/graduation-1300x867.jpg/,,"Save money by paying student loan interest in college - PolicyGenius",,"Dofollow, Image, Content",404,"2020-04-12 13:23:41","2020-03-19 04:32:31",0,0,22
186,0,0,0,https://plussizefamilypajamas.com/gowns/page/22/,"Gowns | Family Clothes - Part 22",76,147,https://www.policygenius.com/blog/library/uploads/2014/11/graduation-1300x867.jpg/,,"Save money by paying student loan interest in college - PolicyGenius",,"Dofollow, Image",404,"2020-04-12 13:23:41","2020-04-10 08:26:56",0,0,78
187,0,0,0,https://plussizefamilypajamas.com/page/22/,"Plus Size Matching Family Pajamas 2017 | Family Clothes - Part 22",75,148,https://www.policygenius.com/blog/library/uploads/2014/11/graduation-1300x867.jpg/,,"Save money by paying student loan interest in college - PolicyGenius",,"Dofollow, Image",404,"2020-04-12 13:23:41","2020-04-15 11:21:55",0,0,78
